{"cameraMode":{"drawMode":0,"name":"Shaded","section":"Shading Mode"},"sceneLighting":true,"audioPlay":false,"sceneViewState":{"m_AlwaysRefresh":false,"showFog":true,"showSkybox":true,"showFlares":true,"showImageEffects":true,"showParticleSystems":true,"showVisualEffectGraphs":true,"m_FxEnabled":true},"in2DMode":false,"pivot":{"x":2.609999656677246,"y":1.7460002899169922,"z":-6.550000190734863},"rotation":{"x":0.1328994482755661,"y":-0.054978519678115848,"z":0.007384130731225014,"w":0.9895789623260498},"size":0.8660256266593933,"orthographic":false}